Comment,Result,Algorithm,Memory usage,CPU consume,Swaps count,Comparions,Stack memory
"Run,1<-/level1_n1000_genAbsoluteSmall_v1.in",Success,mergeSort,0,0.1982,19952,8701,112
"Run,1<-/level1_n1000_genAbsoluteSmall_v1.in",Success,heapSort,0,0.1602,8865,16613,0
"Run,1<-/level1_n1000_genAbsoluteSmall_v1.in",Success,bubbleSort,0,3.7884,239127,939060,0
"Run,1<-/level1_n1000_genAbsoluteSmall_v1.in",Success,insertionSort,0,2.0248,239127,240125,0
"Run,1<-/level1_n1000_genAbsoluteSmall_v1.in",Success,selectionSort,0,1.7144,965,499500,0
"Run,1<-/level1_n1000_genAbsoluteSmall_v1.in",Success,quickSort,0,0.1569,3702,10833,32
"Run,1<-/level1_n1000_genAbsoluteSmall_v1.in",Success,dualQuickSort,0,0.235,3493,21902,32
"Run,1<-/level1_n1000_genAbsoluteSmall_v1.in",Success,librarySort,0,0.6826,21906,8865,96
"Run,1<-/level1_n1000_genAbsoluteSmall_v1.in",Success,timSort,0,0.4027,17089,12894,112
"Run,1<-/level1_n1000_genAbsoluteSmall_v1.in",Success,cocktailShakerSort,0,5.4936,239127,514485,0
"Run,1<-/level1_n1000_genAbsoluteSmall_v1.in",Success,combSort,0,0.0872,2123,21704,16
"Run,1<-/level1_n1000_genAbsoluteSmall_v1.in",Success,tournamentSort,0,0.3931,2000,8673,64
"Run,1<-/level1_n1000_genAbsoluteSmall_v1.in",Success,introSort,0,0.0761,2180,10396,96
"Run,1<-/level2_n20000_genAbsoluteSmall_v1.in",Success,mergeSort,626688,5.4981,574464,260475,112
"Run,1<-/level2_n20000_genAbsoluteSmall_v1.in",Success,heapSort,0,5.7705,266956,509170,0
"Run,1<-/level2_n20000_genAbsoluteSmall_v1.in",Success,bubbleSort,0,1990.68,99232150,396520173,0
"Run,1<-/level2_n20000_genAbsoluteSmall_v1.in",Success,insertionSort,0,758.882,99232150,99252144,0
"Run,1<-/level2_n20000_genAbsoluteSmall_v1.in",Success,selectionSort,0,521.409,19838,199990000,0
"Run,1<-/level2_n20000_genAbsoluteSmall_v1.in",Success,quickSort,0,2.3007,105879,294457,32
"Run,1<-/level2_n20000_genAbsoluteSmall_v1.in",Success,dualQuickSort,0,5.2744,111524,1618007,32
"Run,1<-/level2_n20000_genAbsoluteSmall_v1.in",Success,librarySort,733184,27.6984,1968579,266292,96
"Run,1<-/level2_n20000_genAbsoluteSmall_v1.in",Success,timSort,626688,4.4225,491817,305862,112
"Run,1<-/level2_n20000_genAbsoluteSmall_v1.in",Success,cocktailShakerSort,0,1282.98,99232150,202529873,0
"Run,1<-/level2_n20000_genAbsoluteSmall_v1.in",Success,combSort,0,2.4737,66659,653400,16
"Run,1<-/level2_n20000_genAbsoluteSmall_v1.in",Success,tournamentSort,1753088,11.8349,40000,260457,64
"Run,1<-/level2_n20000_genAbsoluteSmall_v1.in",Success,introSort,0,1.7948,71067,267177,96
"Run,1<-/level3_n70000_genAbsoluteSmall_v1.in",Success,mergeSort,753664,20.3901,2257856,1038328,112
"Run,1<-/level3_n70000_genAbsoluteSmall_v1.in",Success,heapSort,0,18.1922,1061287,2034304,0
"Run,1<-/level3_n70000_genAbsoluteSmall_v1.in",Timeout,bubbleSort,0,0,0,0,
"Run,1<-/level3_n70000_genAbsoluteSmall_v1.in",Timeout,insertionSort,0,0,0,0,
"Run,1<-/level3_n70000_genAbsoluteSmall_v1.in",Success,selectionSort,0,5621.37,69739,2449965000,0
"Run,1<-/level3_n70000_genAbsoluteSmall_v1.in",Timeout,bubbleSort,0,0,0,0,
"Run,1<-/level3_n70000_genAbsoluteSmall_v1.in",Timeout,insertionSort,0,0,0,0,
"Run,1<-/level3_n70000_genAbsoluteSmall_v1.in",Success,quickSort,0,8.2785,411809,1269590,32
"Run,1<-/level3_n70000_genAbsoluteSmall_v1.in",Timeout,bubbleSort,0,0,0,0,
"Run,1<-/level3_n70000_genAbsoluteSmall_v1.in",Timeout,insertionSort,0,0,0,0,
"Run,1<-/level3_n70000_genAbsoluteSmall_v1.in",Success,dualQuickSort,0,30.2348,370852,10047209,32
"Run,1<-/level3_n70000_genAbsoluteSmall_v1.in",Timeout,bubbleSort,0,0,0,0,
"Run,1<-/level3_n70000_genAbsoluteSmall_v1.in",Timeout,insertionSort,0,0,0,0,
"Run,1<-/level3_n70000_genAbsoluteSmall_v1.in",Success,librarySort,1081344,149.79,11203845,1056853,96
"Run,1<-/level3_n70000_genAbsoluteSmall_v1.in",Timeout,bubbleSort,0,0,0,0,
"Run,1<-/level3_n70000_genAbsoluteSmall_v1.in",Timeout,insertionSort,0,0,0,0,
"Run,1<-/level3_n70000_genAbsoluteSmall_v1.in",Success,timSort,311296,17.8895,1961334,1168588,112
"Run,1<-/level3_n70000_genAbsoluteSmall_v1.in",Timeout,bubbleSort,0,0,0,0,
"Run,1<-/level3_n70000_genAbsoluteSmall_v1.in",Timeout,insertionSort,0,0,0,0,
"Run,1<-/level3_n70000_genAbsoluteSmall_v1.in",Timeout,cocktailShakerSort,0,0,0,0,
"Run,1<-/level3_n70000_genAbsoluteSmall_v1.in",Success,combSort,0,9.9301,271298,2636736,16
"Run,1<-/level3_n70000_genAbsoluteSmall_v1.in",Timeout,bubbleSort,0,0,0,0,
"Run,1<-/level3_n70000_genAbsoluteSmall_v1.in",Timeout,insertionSort,0,0,0,0,
"Run,1<-/level3_n70000_genAbsoluteSmall_v1.in",Timeout,cocktailShakerSort,0,0,0,0,
"Run,1<-/level3_n70000_genAbsoluteSmall_v1.in",Success,tournamentSort,4706304,50.1583,140000,1038349,64
"Run,1<-/level3_n70000_genAbsoluteSmall_v1.in",Timeout,bubbleSort,0,0,0,0,
"Run,1<-/level3_n70000_genAbsoluteSmall_v1.in",Timeout,insertionSort,0,0,0,0,
"Run,1<-/level3_n70000_genAbsoluteSmall_v1.in",Timeout,cocktailShakerSort,0,0,0,0,
"Run,1<-/level3_n70000_genAbsoluteSmall_v1.in",Success,introSort,0,6.4549,291999,1092211,96
"Run,1<-/level3_n70000_genAbsoluteSmall_v1.in",Timeout,bubbleSort,0,0,0,0,
"Run,1<-/level3_n70000_genAbsoluteSmall_v1.in",Timeout,insertionSort,0,0,0,0,
"Run,1<-/level3_n70000_genAbsoluteSmall_v1.in",Timeout,cocktailShakerSort,0,0,0,0,
"Run,1<-/level4_n200000_genAbsoluteSmall_v1.in",Success,mergeSort,843776,69.9075,7075712,3271638,112
"Run,1<-/level4_n200000_genAbsoluteSmall_v1.in",Success,heapSort,0,54.2802,3344147,6432351,0
"Run,1<-/level4_n200000_genAbsoluteSmall_v1.in",Timeout,selectionSort,0,0,0,0,
"Run,1<-/level4_n200000_genAbsoluteSmall_v1.in",Success,quickSort,0,25.5313,1281681,4018653,32
"Run,1<-/level4_n200000_genAbsoluteSmall_v1.in",Timeout,selectionSort,0,0,0,0,
"Run,1<-/level4_n200000_genAbsoluteSmall_v1.in",Success,dualQuickSort,0,125.34,1033442,47322121,32
"Run,1<-/level4_n200000_genAbsoluteSmall_v1.in",Timeout,selectionSort,0,0,0,0,
"Run,1<-/level4_n200000_genAbsoluteSmall_v1.in",Success,librarySort,3244032,615.091,47970354,3334189,96
"Run,1<-/level4_n200000_genAbsoluteSmall_v1.in",Timeout,selectionSort,0,0,0,0,
"Run,1<-/level4_n200000_genAbsoluteSmall_v1.in",Success,timSort,843776,57.4018,6368007,3920060,112
"Run,1<-/level4_n200000_genAbsoluteSmall_v1.in",Timeout,selectionSort,0,0,0,0,
"Run,1<-/level4_n200000_genAbsoluteSmall_v1.in",Success,combSort,0,30.677,861236,8333412,16
"Run,1<-/level4_n200000_genAbsoluteSmall_v1.in",Timeout,selectionSort,0,0,0,0,
"Run,1<-/level4_n200000_genAbsoluteSmall_v1.in",Success,tournamentSort,13586432,174.129,400000,3271939,64
"Run,1<-/level4_n200000_genAbsoluteSmall_v1.in",Timeout,selectionSort,0,0,0,0,
"Run,1<-/level4_n200000_genAbsoluteSmall_v1.in",Success,introSort,0,20.9164,930191,3587937,96
"Run,1<-/level4_n200000_genAbsoluteSmall_v1.in",Timeout,selectionSort,0,0,0,0,
"Run,1<-/level5_n1000000_genAbsoluteSmall_v1.in",Success,mergeSort,4063232,372.727,39902848,18669609,112
"Run,1<-/level5_n1000000_genAbsoluteSmall_v1.in",Success,heapSort,0,314.145,19034457,36776737,0
"Run,1<-/level5_n1000000_genAbsoluteSmall_v1.in",Success,quickSort,0,142.808,7304749,21911494,32
"Run,1<-/level5_n1000000_genAbsoluteSmall_v1.in",Success,dualQuickSort,0,1204.16,6002695,514922093,32
"Run,1<-/level5_n1000000_genAbsoluteSmall_v1.in",Success,librarySort,16003072,5742.87,440645938,18942495,96
"Run,1<-/level5_n1000000_genAbsoluteSmall_v1.in",Success,timSort,4063232,352.528,37377961,23178652,112
"Run,1<-/level5_n1000000_genAbsoluteSmall_v1.in",Success,combSort,0,180.83,4975175,48666763,16
"Run,1<-/level5_n1000000_genAbsoluteSmall_v1.in",Success,tournamentSort,67952640,1378.28,2000000,18669394,64
"Run,1<-/level5_n1000000_genAbsoluteSmall_v1.in",Success,introSort,0,111.567,5515715,20096005,96
"Run,1<-/level1_n1000_genAbsolute_v1.in",Success,mergeSort,0,0.1979,19952,8706,112
"Run,1<-/level1_n1000_genAbsolute_v1.in",Success,heapSort,0,0.1777,9064,16840,0
"Run,1<-/level1_n1000_genAbsolute_v1.in",Success,bubbleSort,0,4.032,247159,990009,0
"Run,1<-/level1_n1000_genAbsolute_v1.in",Success,insertionSort,0,1.9758,247159,248153,0
"Run,1<-/level1_n1000_genAbsolute_v1.in",Success,selectionSort,0,1.2502,992,499500,0
"Run,1<-/level1_n1000_genAbsolute_v1.in",Success,quickSort,0,0.1287,2974,11348,32
"Run,1<-/level1_n1000_genAbsolute_v1.in",Success,dualQuickSort,0,0.1415,5750,10979,32
"Run,1<-/level1_n1000_genAbsolute_v1.in",Success,librarySort,0,0.3243,14248,8596,96
"Run,1<-/level1_n1000_genAbsolute_v1.in",Success,timSort,0,0.2154,17367,13184,112
"Run,1<-/level1_n1000_genAbsolute_v1.in",Success,cocktailShakerSort,0,4.3504,247159,496503,0
"Run,1<-/level1_n1000_genAbsolute_v1.in",Success,combSort,0,0.3121,3949,21704,16
"Run,1<-/level1_n1000_genAbsolute_v1.in",Success,tournamentSort,0,0.837,2000,8724,64
"Run,1<-/level1_n1000_genAbsolute_v1.in",Success,introSort,0,0.2497,3271,11763,96
"Run,1<-/level2_n20000_genAbsolute_v1.in",Success,mergeSort,532480,5.7847,574464,260991,112
"Run,1<-/level2_n20000_genAbsolute_v1.in",Success,heapSort,0,6.9041,268368,510753,0
"Run,1<-/level2_n20000_genAbsolute_v1.in",Success,bubbleSort,0,1991.34,99839381,397840107,0
"Run,1<-/level2_n20000_genAbsolute_v1.in",Success,insertionSort,0,787.525,99839381,99859376,0
"Run,1<-/level2_n20000_genAbsolute_v1.in",Success,selectionSort,0,444.263,19985,199990000,0
"Run,1<-/level2_n20000_genAbsolute_v1.in",Success,quickSort,0,2.8854,80433,338962,32
"Run,1<-/level2_n20000_genAbsolute_v1.in",Success,dualQuickSort,0,3.3056,155398,340729,32
"Run,1<-/level2_n20000_genAbsolute_v1.in",Success,librarySort,704512,35.7835,1169566,258067,96
"Run,1<-/level2_n20000_genAbsolute_v1.in",Success,timSort,532480,4.9398,492567,306945,112
"Run,1<-/level2_n20000_genAbsolute_v1.in",Success,cocktailShakerSort,0,1286.97,99839381,199650017,0
"Run,1<-/level2_n20000_genAbsolute_v1.in",Success,combSort,0,3.6973,130073,693398,16
"Run,1<-/level2_n20000_genAbsolute_v1.in",Success,tournamentSort,1720320,14.0213,40000,260985,64
"Run,1<-/level2_n20000_genAbsolute_v1.in",Success,introSort,0,2.3361,90359,345985,96
"Run,1<-/level3_n70000_genAbsolute_v1.in",Success,mergeSort,856064,26.3012,2257856,1039186,112
"Run,1<-/level3_n70000_genAbsolute_v1.in",Success,heapSort,0,18.3197,1065114,2038983,0
"Run,1<-/level3_n70000_genAbsolute_v1.in",Timeout,bubbleSort,0,0,0,0,
"Run,1<-/level3_n70000_genAbsolute_v1.in",Timeout,insertionSort,0,0,0,0,
"Run,1<-/level3_n70000_genAbsolute_v1.in",Success,selectionSort,0,5465.01,69992,2449965000,0
"Run,1<-/level3_n70000_genAbsolute_v1.in",Timeout,bubbleSort,0,0,0,0,
"Run,1<-/level3_n70000_genAbsolute_v1.in",Timeout,insertionSort,0,0,0,0,
"Run,1<-/level3_n70000_genAbsolute_v1.in",Success,quickSort,0,10.2673,307603,1415142,32
"Run,1<-/level3_n70000_genAbsolute_v1.in",Timeout,bubbleSort,0,0,0,0,
"Run,1<-/level3_n70000_genAbsolute_v1.in",Timeout,insertionSort,0,0,0,0,
"Run,1<-/level3_n70000_genAbsolute_v1.in",Success,dualQuickSort,0,11.9429,602990,1401324,32
"Run,1<-/level3_n70000_genAbsolute_v1.in",Timeout,bubbleSort,0,0,0,0,
"Run,1<-/level3_n70000_genAbsolute_v1.in",Timeout,insertionSort,0,0,0,0,
"Run,1<-/level3_n70000_genAbsolute_v1.in",Success,librarySort,1142784,187.129,14043874,1029797,96
"Run,1<-/level3_n70000_genAbsolute_v1.in",Timeout,bubbleSort,0,0,0,0,
"Run,1<-/level3_n70000_genAbsolute_v1.in",Timeout,insertionSort,0,0,0,0,
"Run,1<-/level3_n70000_genAbsolute_v1.in",Success,timSort,376832,19.2428,1962028,1169895,112
"Run,1<-/level3_n70000_genAbsolute_v1.in",Timeout,bubbleSort,0,0,0,0,
"Run,1<-/level3_n70000_genAbsolute_v1.in",Timeout,insertionSort,0,0,0,0,
"Run,1<-/level3_n70000_genAbsolute_v1.in",Timeout,cocktailShakerSort,0,0,0,0,
"Run,1<-/level3_n70000_genAbsolute_v1.in",Success,combSort,0,13.7104,533749,2706735,16
"Run,1<-/level3_n70000_genAbsolute_v1.in",Timeout,bubbleSort,0,0,0,0,
"Run,1<-/level3_n70000_genAbsolute_v1.in",Timeout,insertionSort,0,0,0,0,
"Run,1<-/level3_n70000_genAbsolute_v1.in",Timeout,cocktailShakerSort,0,0,0,0,
"Run,1<-/level3_n70000_genAbsolute_v1.in",Success,tournamentSort,4902912,51.6537,140000,1038998,64
"Run,1<-/level3_n70000_genAbsolute_v1.in",Timeout,bubbleSort,0,0,0,0,
"Run,1<-/level3_n70000_genAbsolute_v1.in",Timeout,insertionSort,0,0,0,0,
"Run,1<-/level3_n70000_genAbsolute_v1.in",Timeout,cocktailShakerSort,0,0,0,0,
"Run,1<-/level3_n70000_genAbsolute_v1.in",Success,introSort,0,8.8354,343401,1389621,96
"Run,1<-/level3_n70000_genAbsolute_v1.in",Timeout,bubbleSort,0,0,0,0,
"Run,1<-/level3_n70000_genAbsolute_v1.in",Timeout,insertionSort,0,0,0,0,
"Run,1<-/level3_n70000_genAbsolute_v1.in",Timeout,cocktailShakerSort,0,0,0,0,
"Run,1<-/level4_n200000_genAbsolute_v1.in",Success,mergeSort,843776,74.4138,7075712,3273049,112
"Run,1<-/level4_n200000_genAbsolute_v1.in",Success,heapSort,0,59.5114,3349482,6438612,0
"Run,1<-/level4_n200000_genAbsolute_v1.in",Timeout,selectionSort,0,0,0,0,
"Run,1<-/level4_n200000_genAbsolute_v1.in",Success,quickSort,0,33.473,951973,4388430,32
"Run,1<-/level4_n200000_genAbsolute_v1.in",Timeout,selectionSort,0,0,0,0,
"Run,1<-/level4_n200000_genAbsolute_v1.in",Success,dualQuickSort,0,38.5199,1782943,4414175,32
"Run,1<-/level4_n200000_genAbsolute_v1.in",Timeout,selectionSort,0,0,0,0,
"Run,1<-/level4_n200000_genAbsolute_v1.in",Success,librarySort,3244032,327.753,22969265,3246270,96
"Run,1<-/level4_n200000_genAbsolute_v1.in",Timeout,selectionSort,0,0,0,0,
"Run,1<-/level4_n200000_genAbsolute_v1.in",Success,timSort,843776,65.6631,6372598,3925578,112
"Run,1<-/level4_n200000_genAbsolute_v1.in",Timeout,selectionSort,0,0,0,0,
"Run,1<-/level4_n200000_genAbsolute_v1.in",Success,combSort,0,53.3627,1695713,8733410,16
"Run,1<-/level4_n200000_genAbsolute_v1.in",Timeout,selectionSort,0,0,0,0,
"Run,1<-/level4_n200000_genAbsolute_v1.in",Success,tournamentSort,13586432,187.733,400000,3273078,64
"Run,1<-/level4_n200000_genAbsolute_v1.in",Timeout,selectionSort,0,0,0,0,
"Run,1<-/level4_n200000_genAbsolute_v1.in",Success,introSort,0,28.3055,1049649,4320383,96
"Run,1<-/level4_n200000_genAbsolute_v1.in",Timeout,selectionSort,0,0,0,0,
"Run,1<-/level5_n1000000_genAbsolute_v1.in",Success,mergeSort,4063232,388.342,39902848,18673924,112
"Run,1<-/level5_n1000000_genAbsolute_v1.in",Success,heapSort,0,344.287,19048909,36794393,0
"Run,1<-/level5_n1000000_genAbsolute_v1.in",Success,quickSort,0,178.571,5253663,27247613,32
"Run,1<-/level5_n1000000_genAbsolute_v1.in",Success,dualQuickSort,0,214.526,10776031,24191661,32
"Run,1<-/level5_n1000000_genAbsolute_v1.in",Success,librarySort,15998976,4443.06,329980714,18551094,96
"Run,1<-/level5_n1000000_genAbsolute_v1.in",Success,timSort,4063232,361.283,37380063,23184498,112
"Run,1<-/level5_n1000000_genAbsolute_v1.in",Success,combSort,0,251.707,9747050,49666762,16
"Run,1<-/level5_n1000000_genAbsolute_v1.in",Success,tournamentSort,67948544,1455.04,2000000,18674278,64
"Run,1<-/level5_n1000000_genAbsolute_v1.in",Success,introSort,0,151.505,5784938,24920551,96
"Run,1<-/level1_n1000_genBalanced_v1.in",Success,mergeSort,0,0.2297,19952,8639,112
"Run,1<-/level1_n1000_genBalanced_v1.in",Success,heapSort,0,0.1796,9014,16837,0
"Run,1<-/level1_n1000_genBalanced_v1.in",Success,bubbleSort,0,3.8574,234544,983016,0
"Run,1<-/level1_n1000_genBalanced_v1.in",Success,insertionSort,0,2.5525,234544,235538,0
"Run,1<-/level1_n1000_genBalanced_v1.in",Success,selectionSort,0,2.9497,959,499500,0
"Run,1<-/level1_n1000_genBalanced_v1.in",Success,quickSort,0,0.1723,3780,10811,32
"Run,1<-/level1_n1000_genBalanced_v1.in",Success,dualQuickSort,0,0.2886,3277,26451,32
"Run,1<-/level1_n1000_genBalanced_v1.in",Success,librarySort,0,0.9409,30092,8874,96
"Run,1<-/level1_n1000_genBalanced_v1.in",Success,timSort,0,0.3141,17366,13117,112
"Run,1<-/level1_n1000_genBalanced_v1.in",Success,cocktailShakerSort,0,6.5252,234544,486513,0
"Run,1<-/level1_n1000_genBalanced_v1.in",Success,combSort,0,0.1474,2004,20705,16
"Run,1<-/level1_n1000_genBalanced_v1.in",Success,tournamentSort,0,1.0947,2000,8615,64
"Run,1<-/level1_n1000_genBalanced_v1.in",Success,introSort,0,0.1855,2372,8955,96
"Run,1<-/level2_n20000_genBalanced_v1.in",Success,mergeSort,561152,14.5696,574464,260628,112
"Run,1<-/level2_n20000_genBalanced_v1.in",Success,heapSort,0,4.723,268094,510580,0
"Run,1<-/level2_n20000_genBalanced_v1.in",Success,bubbleSort,0,1955.78,99531391,399180040,0
"Run,1<-/level2_n20000_genBalanced_v1.in",Success,insertionSort,0,764.181,99531391,99551385,0
"Run,1<-/level2_n20000_genBalanced_v1.in",Success,selectionSort,0,444.9,19876,199990000,0
"Run,1<-/level2_n20000_genBalanced_v1.in",Success,quickSort,0,2.672,106596,303449,32
"Run,1<-/level2_n20000_genBalanced_v1.in",Success,dualQuickSort,0,6.0683,108523,2081484,32
"Run,1<-/level2_n20000_genBalanced_v1.in",Success,librarySort,786432,29.6761,2186535,266337,96
"Run,1<-/level2_n20000_genBalanced_v1.in",Success,timSort,561152,5.0152,492410,306506,112
"Run,1<-/level2_n20000_genBalanced_v1.in",Success,cocktailShakerSort,0,1285.27,99531391,201009949,0
"Run,1<-/level2_n20000_genBalanced_v1.in",Success,combSort,0,2.4163,64033,633401,16
"Run,1<-/level2_n20000_genBalanced_v1.in",Success,tournamentSort,1687552,11.0276,40000,260577,64
"Run,1<-/level2_n20000_genBalanced_v1.in",Success,introSort,0,1.7299,71660,277515,96
"Run,1<-/level3_n70000_genBalanced_v1.in",Success,mergeSort,843776,23.4341,2257856,1038233,112
"Run,1<-/level3_n70000_genBalanced_v1.in",Success,heapSort,0,17.5376,1064122,2037885,0
"Run,1<-/level3_n70000_genBalanced_v1.in",Timeout,bubbleSort,0,0,0,0,
"Run,1<-/level3_n70000_genBalanced_v1.in",Timeout,insertionSort,0,0,0,0,
"Run,1<-/level3_n70000_genBalanced_v1.in",Success,selectionSort,0,5565.18,69690,2449965000,0
"Run,1<-/level3_n70000_genBalanced_v1.in",Timeout,bubbleSort,0,0,0,0,
"Run,1<-/level3_n70000_genBalanced_v1.in",Timeout,insertionSort,0,0,0,0,
"Run,1<-/level3_n70000_genBalanced_v1.in",Success,quickSort,0,8.491,417557,1214849,32
"Run,1<-/level3_n70000_genBalanced_v1.in",Timeout,bubbleSort,0,0,0,0,
"Run,1<-/level3_n70000_genBalanced_v1.in",Timeout,insertionSort,0,0,0,0,
"Run,1<-/level3_n70000_genBalanced_v1.in",Success,dualQuickSort,0,33.656,327673,13088379,32
"Run,1<-/level3_n70000_genBalanced_v1.in",Timeout,bubbleSort,0,0,0,0,
"Run,1<-/level3_n70000_genBalanced_v1.in",Timeout,insertionSort,0,0,0,0,
"Run,1<-/level3_n70000_genBalanced_v1.in",Success,librarySort,1142784,258.435,20817011,1056943,96
"Run,1<-/level3_n70000_genBalanced_v1.in",Timeout,bubbleSort,0,0,0,0,
"Run,1<-/level3_n70000_genBalanced_v1.in",Timeout,insertionSort,0,0,0,0,
"Run,1<-/level3_n70000_genBalanced_v1.in",Success,timSort,372736,17.6601,1960374,1167678,112
"Run,1<-/level3_n70000_genBalanced_v1.in",Timeout,bubbleSort,0,0,0,0,
"Run,1<-/level3_n70000_genBalanced_v1.in",Timeout,insertionSort,0,0,0,0,
"Run,1<-/level3_n70000_genBalanced_v1.in",Timeout,cocktailShakerSort,0,0,0,0,
"Run,1<-/level3_n70000_genBalanced_v1.in",Success,combSort,0,9.611,259783,2636736,16
"Run,1<-/level3_n70000_genBalanced_v1.in",Timeout,bubbleSort,0,0,0,0,
"Run,1<-/level3_n70000_genBalanced_v1.in",Timeout,insertionSort,0,0,0,0,
"Run,1<-/level3_n70000_genBalanced_v1.in",Timeout,cocktailShakerSort,0,0,0,0,
"Run,1<-/level3_n70000_genBalanced_v1.in",Success,tournamentSort,4767744,46.4534,140000,1038011,64
"Run,1<-/level3_n70000_genBalanced_v1.in",Timeout,bubbleSort,0,0,0,0,
"Run,1<-/level3_n70000_genBalanced_v1.in",Timeout,insertionSort,0,0,0,0,
"Run,1<-/level3_n70000_genBalanced_v1.in",Timeout,cocktailShakerSort,0,0,0,0,
"Run,1<-/level3_n70000_genBalanced_v1.in",Success,introSort,0,6.6686,292630,1153667,96
"Run,1<-/level3_n70000_genBalanced_v1.in",Timeout,bubbleSort,0,0,0,0,
"Run,1<-/level3_n70000_genBalanced_v1.in",Timeout,insertionSort,0,0,0,0,
"Run,1<-/level3_n70000_genBalanced_v1.in",Timeout,cocktailShakerSort,0,0,0,0,
"Run,1<-/level4_n200000_genBalanced_v1.in",Success,mergeSort,901120,65.906,7075712,3271821,112
"Run,1<-/level4_n200000_genBalanced_v1.in",Success,heapSort,0,54.8907,3349308,6439097,0
"Run,1<-/level4_n200000_genBalanced_v1.in",Timeout,selectionSort,0,0,0,0,
"Run,1<-/level4_n200000_genBalanced_v1.in",Success,quickSort,0,27.1735,1303519,3886366,32
"Run,1<-/level4_n200000_genBalanced_v1.in",Timeout,selectionSort,0,0,0,0,
"Run,1<-/level4_n200000_genBalanced_v1.in",Success,dualQuickSort,0,149.423,1103089,61813534,32
"Run,1<-/level4_n200000_genBalanced_v1.in",Timeout,selectionSort,0,0,0,0,
"Run,1<-/level4_n200000_genBalanced_v1.in",Success,librarySort,3235840,744.83,57078461,3334385,96
"Run,1<-/level4_n200000_genBalanced_v1.in",Timeout,selectionSort,0,0,0,0,
"Run,1<-/level4_n200000_genBalanced_v1.in",Success,timSort,905216,56.513,6367108,3919255,112
"Run,1<-/level4_n200000_genBalanced_v1.in",Timeout,selectionSort,0,0,0,0,
"Run,1<-/level4_n200000_genBalanced_v1.in",Success,combSort,0,32.4559,829995,8533411,16
"Run,1<-/level4_n200000_genBalanced_v1.in",Timeout,selectionSort,0,0,0,0,
"Run,1<-/level4_n200000_genBalanced_v1.in",Success,tournamentSort,13647872,200.556,400000,3271569,64
"Run,1<-/level4_n200000_genBalanced_v1.in",Timeout,selectionSort,0,0,0,0,
"Run,1<-/level4_n200000_genBalanced_v1.in",Success,introSort,0,23.2991,945737,3571816,96
"Run,1<-/level4_n200000_genBalanced_v1.in",Timeout,selectionSort,0,0,0,0,
"Run,1<-/level5_n1000000_genBalanced_v1.in",Success,mergeSort,4124672,356.911,39902848,18668194,112
"Run,1<-/level5_n1000000_genBalanced_v1.in",Success,heapSort,0,320.316,19046052,36792990,0
"Run,1<-/level5_n1000000_genBalanced_v1.in",Success,quickSort,0,149.233,7342839,23116328,32
"Run,1<-/level5_n1000000_genBalanced_v1.in",Success,dualQuickSort,0,1554.54,6381186,679461443,32
"Run,1<-/level5_n1000000_genBalanced_v1.in",Timeout,librarySort,0,0,0,0,
"Run,1<-/level5_n1000000_genBalanced_v1.in",Success,timSort,4128768,324.933,37361935,23159733,112
"Run,1<-/level5_n1000000_genBalanced_v1.in",Timeout,librarySort,0,0,0,0,
"Run,1<-/level5_n1000000_genBalanced_v1.in",Success,combSort,0,192.313,4818417,47666764,16
"Run,1<-/level5_n1000000_genBalanced_v1.in",Timeout,librarySort,0,0,0,0,
"Run,1<-/level5_n1000000_genBalanced_v1.in",Success,tournamentSort,68018176,1374.29,2000000,18666738,64
"Run,1<-/level5_n1000000_genBalanced_v1.in",Timeout,librarySort,0,0,0,0,
"Run,1<-/level5_n1000000_genBalanced_v1.in",Success,introSort,0,115.849,5586543,20229485,96
"Run,1<-/level5_n1000000_genBalanced_v1.in",Timeout,librarySort,0,0,0,0,
"Run,1<-/level1_n1000_genIdentical_v1.in",Success,mergeSort,0,0.241,19952,5044,112
"Run,1<-/level1_n1000_genIdentical_v1.in",Success,heapSort,0,0.0219,999,2994,0
"Run,1<-/level1_n1000_genIdentical_v1.in",Success,bubbleSort,0,0.0031,0,999,0
"Run,1<-/level1_n1000_genIdentical_v1.in",Success,insertionSort,0,0.003,0,999,0
"Run,1<-/level1_n1000_genIdentical_v1.in",Success,selectionSort,0,1.1781,0,499500,0
"Run,1<-/level1_n1000_genIdentical_v1.in",Success,quickSort,0,0.0801,4960,8898,32
"Run,1<-/level1_n1000_genIdentical_v1.in",Success,dualQuickSort,0,1.1452,1000,499500,32
"Run,1<-/level1_n1000_genIdentical_v1.in",Success,librarySort,0,4.1982,328548,8968,96
"Run,1<-/level1_n1000_genIdentical_v1.in",Success,timSort,0,0.1362,10000,3476,112
"Run,1<-/level1_n1000_genIdentical_v1.in",Success,cocktailShakerSort,0,0.01,0,999,0
"Run,1<-/level1_n1000_genIdentical_v1.in",Success,combSort,0,0.077,0,19706,16
"Run,1<-/level1_n1000_genIdentical_v1.in",Success,tournamentSort,0,0.3628,2000,4932,64
"Run,1<-/level1_n1000_genIdentical_v1.in",Success,introSort,0,0.04,2982,6837,96
"Run,1<-/level2_n20000_genIdentical_v1.in",Success,mergeSort,569344,4.1086,574464,148016,112
"Run,1<-/level2_n20000_genIdentical_v1.in",Success,heapSort,0,0.5444,19999,59994,0
"Run,1<-/level2_n20000_genIdentical_v1.in",Success,bubbleSort,0,0.0967,0,19999,0
"Run,1<-/level2_n20000_genIdentical_v1.in",Success,insertionSort,0,0.1053,0,19999,0
"Run,1<-/level2_n20000_genIdentical_v1.in",Success,selectionSort,0,473.611,0,199990000,0
"Run,1<-/level2_n20000_genIdentical_v1.in",Success,quickSort,0,1.7712,142837,262058,32
"Run,1<-/level2_n20000_genIdentical_v1.in",Success,dualQuickSort,1486848,435.726,20000,199990000,32
"Run,1<-/level2_n20000_genIdentical_v1.in",Success,librarySort,790528,1231.54,102626708,267219,96
"Run,1<-/level2_n20000_genIdentical_v1.in",Success,timSort,569344,2.8856,400000,119280,112
"Run,1<-/level2_n20000_genIdentical_v1.in",Success,cocktailShakerSort,0,0.0503,0,19999,0
"Run,1<-/level2_n20000_genIdentical_v1.in",Success,combSort,0,1.3566,0,613402,16
"Run,1<-/level2_n20000_genIdentical_v1.in",Success,tournamentSort,1695744,8.8294,40000,139216,64
"Run,1<-/level2_n20000_genIdentical_v1.in",Success,introSort,0,1.2631,109459,234823,96
"Run,1<-/level3_n70000_genIdentical_v1.in",Success,mergeSort,925696,31.59,2257856,573728,112
"Run,1<-/level3_n70000_genIdentical_v1.in",Success,heapSort,0,1.096,69999,209994,0
"Run,1<-/level3_n70000_genIdentical_v1.in",Success,bubbleSort,0,0.3166,0,69999,0
"Run,1<-/level3_n70000_genIdentical_v1.in",Success,insertionSort,0,0.2861,0,69999,0
"Run,1<-/level3_n70000_genIdentical_v1.in",Timeout,selectionSort,0,0,0,0,
"Run,1<-/level3_n70000_genIdentical_v1.in",Success,quickSort,0,6.3899,559670,1044876,32
"Run,1<-/level3_n70000_genIdentical_v1.in",Timeout,selectionSort,0,0,0,0,
"Run,1<-/level3_n70000_genIdentical_v1.in",Success,dualQuickSort,3891200,5030.27,70000,2449965000,32
"Run,1<-/level3_n70000_genIdentical_v1.in",Timeout,selectionSort,0,0,0,0,
"Run,1<-/level3_n70000_genIdentical_v1.in",Timeout,librarySort,0,0,0,0,
"Run,1<-/level3_n70000_genIdentical_v1.in",Success,timSort,376832,11.6813,1680000,486608,112
"Run,1<-/level3_n70000_genIdentical_v1.in",Timeout,selectionSort,0,0,0,0,
"Run,1<-/level3_n70000_genIdentical_v1.in",Timeout,librarySort,0,0,0,0,
"Run,1<-/level3_n70000_genIdentical_v1.in",Success,cocktailShakerSort,0,0.1595,0,69999,0
"Run,1<-/level3_n70000_genIdentical_v1.in",Timeout,selectionSort,0,0,0,0,
"Run,1<-/level3_n70000_genIdentical_v1.in",Timeout,librarySort,0,0,0,0,
"Run,1<-/level3_n70000_genIdentical_v1.in",Success,combSort,0,5.2821,0,2496738,16
"Run,1<-/level3_n70000_genIdentical_v1.in",Timeout,selectionSort,0,0,0,0,
"Run,1<-/level3_n70000_genIdentical_v1.in",Timeout,librarySort,0,0,0,0,
"Run,1<-/level3_n70000_genIdentical_v1.in",Success,tournamentSort,4902912,34.5846,140000,555200,64
"Run,1<-/level3_n70000_genIdentical_v1.in",Timeout,selectionSort,0,0,0,0,
"Run,1<-/level3_n70000_genIdentical_v1.in",Timeout,librarySort,0,0,0,0,
"Run,1<-/level3_n70000_genIdentical_v1.in",Success,introSort,0,4.6988,452437,958491,96
"Run,1<-/level3_n70000_genIdentical_v1.in",Timeout,selectionSort,0,0,0,0,
"Run,1<-/level3_n70000_genIdentical_v1.in",Timeout,librarySort,0,0,0,0,
"Run,1<-/level4_n200000_genIdentical_v1.in",Success,mergeSort,839680,66.1522,7075712,1807808,112
"Run,1<-/level4_n200000_genIdentical_v1.in",Success,heapSort,0,3.0895,199999,599994,0
"Run,1<-/level4_n200000_genIdentical_v1.in",Success,bubbleSort,0,0.5336,0,199999,0
"Run,1<-/level4_n200000_genIdentical_v1.in",Success,insertionSort,0,0.5269,0,199999,0
"Run,1<-/level4_n200000_genIdentical_v1.in",Success,quickSort,0,22.8952,1792196,3322250,32
"Run,1<-/level4_n200000_genIdentical_v1.in",Timeout,dualQuickSort,0,0,0,0,
"Run,1<-/level4_n200000_genIdentical_v1.in",Success,timSort,839680,36.6522,5200000,1494528,112
"Run,1<-/level4_n200000_genIdentical_v1.in",Timeout,dualQuickSort,0,0,0,0,
"Run,1<-/level4_n200000_genIdentical_v1.in",Success,cocktailShakerSort,0,0.4908,0,199999,0
"Run,1<-/level4_n200000_genIdentical_v1.in",Timeout,dualQuickSort,0,0,0,0,
"Run,1<-/level4_n200000_genIdentical_v1.in",Success,combSort,0,17.0663,0,7933414,16
"Run,1<-/level4_n200000_genIdentical_v1.in",Timeout,dualQuickSort,0,0,0,0,
"Run,1<-/level4_n200000_genIdentical_v1.in",Success,tournamentSort,13582336,67.5758,400000,1730048,64
"Run,1<-/level4_n200000_genIdentical_v1.in",Timeout,dualQuickSort,0,0,0,0,
"Run,1<-/level4_n200000_genIdentical_v1.in",Success,introSort,0,21.6872,1395588,2958409,96
"Run,1<-/level4_n200000_genIdentical_v1.in",Timeout,dualQuickSort,0,0,0,0,
"Run,1<-/level5_n1000000_genIdentical_v1.in",Success,mergeSort,4124672,291.685,39902848,10066432,112
"Run,1<-/level5_n1000000_genIdentical_v1.in",Success,heapSort,0,16.2779,999999,2999994,0
"Run,1<-/level5_n1000000_genIdentical_v1.in",Success,bubbleSort,0,2.6953,0,999999,0
"Run,1<-/level5_n1000000_genIdentical_v1.in",Success,insertionSort,0,2.7265,0,999999,0
"Run,1<-/level5_n1000000_genIdentical_v1.in",Success,quickSort,0,124.001,9933573,18818572,32
"Run,1<-/level5_n1000000_genIdentical_v1.in",Success,timSort,4124672,205.004,30000000,8476608,112
"Run,1<-/level5_n1000000_genIdentical_v1.in",Success,cocktailShakerSort,0,2.8303,0,999999,0
"Run,1<-/level5_n1000000_genIdentical_v1.in",Success,combSort,0,103.149,0,45666766,16
"Run,1<-/level5_n1000000_genIdentical_v1.in",Success,tournamentSort,68014080,353.408,2000000,9884992,64
"Run,1<-/level5_n1000000_genIdentical_v1.in",Success,introSort,0,79.9225,7982147,16833223,96
"Run,1<-/level1_n1000_genPermutationReversed_v1.in",Success,mergeSort,0,0.4539,19952,5044,112
"Run,1<-/level1_n1000_genPermutationReversed_v1.in",Success,heapSort,0,0.1318,8316,15965,0
"Run,1<-/level1_n1000_genPermutationReversed_v1.in",Success,bubbleSort,0,5.106,499500,999000,0
"Run,1<-/level1_n1000_genPermutationReversed_v1.in",Success,insertionSort,0,4.6148,499500,499500,0
"Run,1<-/level1_n1000_genPermutationReversed_v1.in",Success,selectionSort,0,1.7843,500,499500,0
"Run,1<-/level1_n1000_genPermutationReversed_v1.in",Success,quickSort,0,0.0985,1652,11834,32
"Run,1<-/level1_n1000_genPermutationReversed_v1.in",Success,dualQuickSort,0,0.3155,5391,10785,32
"Run,1<-/level1_n1000_genPermutationReversed_v1.in",Success,librarySort,0,5.9143,327549,8986,96
"Run,1<-/level1_n1000_genPermutationReversed_v1.in",Success,timSort,0,0.2688,25128,17636,112
"Run,1<-/level1_n1000_genPermutationReversed_v1.in",Success,cocktailShakerSort,0,5.1438,499500,999999,0
"Run,1<-/level1_n1000_genPermutationReversed_v1.in",Success,combSort,0,0.0841,1536,20705,16
"Run,1<-/level1_n1000_genPermutationReversed_v1.in",Success,tournamentSort,0,0.2592,2000,4932,64
"Run,1<-/level1_n1000_genPermutationReversed_v1.in",Success,introSort,0,0.2432,8154,33514,96
"Run,1<-/level2_n20000_genPermutationReversed_v1.in",Success,mergeSort,536576,6.0392,574464,148016,112
"Run,1<-/level2_n20000_genPermutationReversed_v1.in",Success,heapSort,0,3.8487,254334,493307,0
"Run,1<-/level2_n20000_genPermutationReversed_v1.in",Success,bubbleSort,0,2012.67,199990000,399980000,0
"Run,1<-/level2_n20000_genPermutationReversed_v1.in",Success,insertionSort,0,1579.6,199990000,199990000,0
"Run,1<-/level2_n20000_genPermutationReversed_v1.in",Success,selectionSort,0,450.658,10000,199990000,0
"Run,1<-/level2_n20000_genPermutationReversed_v1.in",Success,quickSort,0,1.8301,33331,382748,32
"Run,1<-/level2_n20000_genPermutationReversed_v1.in",Success,dualQuickSort,0,2.4365,157454,361804,32
"Run,1<-/level2_n20000_genPermutationReversed_v1.in",Success,librarySort,704512,1221.86,102606709,267247,96
"Run,1<-/level2_n20000_genPermutationReversed_v1.in",Success,timSort,536576,4.334,585440,285744,112
"Run,1<-/level2_n20000_genPermutationReversed_v1.in",Success,cocktailShakerSort,0,1951.94,199990000,399999999,0
"Run,1<-/level2_n20000_genPermutationReversed_v1.in",Success,combSort,0,1.7931,42634,633401,16
"Run,1<-/level2_n20000_genPermutationReversed_v1.in",Success,tournamentSort,1724416,5.2741,40000,139216,64
"Run,1<-/level2_n20000_genPermutationReversed_v1.in",Success,introSort,0,7.1066,253188,1051689,96
"Run,1<-/level3_n70000_genPermutationReversed_v1.in",Success,mergeSort,827392,17.0444,2257856,573728,112
"Run,1<-/level3_n70000_genPermutationReversed_v1.in",Success,heapSort,0,22.0239,1012682,1978603,0
"Run,1<-/level3_n70000_genPermutationReversed_v1.in",Timeout,bubbleSort,0,0,0,0,
"Run,1<-/level3_n70000_genPermutationReversed_v1.in",Timeout,insertionSort,0,0,0,0,
"Run,1<-/level3_n70000_genPermutationReversed_v1.in",Success,selectionSort,0,5611.84,35000,2449965000,0
"Run,1<-/level3_n70000_genPermutationReversed_v1.in",Timeout,bubbleSort,0,0,0,0,
"Run,1<-/level3_n70000_genPermutationReversed_v1.in",Timeout,insertionSort,0,0,0,0,
"Run,1<-/level3_n70000_genPermutationReversed_v1.in",Success,quickSort,0,5.9032,116704,1418171,32
"Run,1<-/level3_n70000_genPermutationReversed_v1.in",Timeout,bubbleSort,0,0,0,0,
"Run,1<-/level3_n70000_genPermutationReversed_v1.in",Timeout,insertionSort,0,0,0,0,
"Run,1<-/level3_n70000_genPermutationReversed_v1.in",Success,dualQuickSort,0,9.8643,686617,1326297,32
"Run,1<-/level3_n70000_genPermutationReversed_v1.in",Timeout,bubbleSort,0,0,0,0,
"Run,1<-/level3_n70000_genPermutationReversed_v1.in",Timeout,insertionSort,0,0,0,0,
"Run,1<-/level3_n70000_genPermutationReversed_v1.in",Timeout,librarySort,0,0,0,0,
"Run,1<-/level3_n70000_genPermutationReversed_v1.in",Success,timSort,311296,16.9179,2243312,984016,112
"Run,1<-/level3_n70000_genPermutationReversed_v1.in",Timeout,bubbleSort,0,0,0,0,
"Run,1<-/level3_n70000_genPermutationReversed_v1.in",Timeout,insertionSort,0,0,0,0,
"Run,1<-/level3_n70000_genPermutationReversed_v1.in",Timeout,librarySort,0,0,0,0,
"Run,1<-/level3_n70000_genPermutationReversed_v1.in",Timeout,cocktailShakerSort,0,0,0,0,
"Run,1<-/level3_n70000_genPermutationReversed_v1.in",Success,combSort,0,6.6694,165328,2566737,16
"Run,1<-/level3_n70000_genPermutationReversed_v1.in",Timeout,bubbleSort,0,0,0,0,
"Run,1<-/level3_n70000_genPermutationReversed_v1.in",Timeout,insertionSort,0,0,0,0,
"Run,1<-/level3_n70000_genPermutationReversed_v1.in",Timeout,librarySort,0,0,0,0,
"Run,1<-/level3_n70000_genPermutationReversed_v1.in",Timeout,cocktailShakerSort,0,0,0,0,
"Run,1<-/level3_n70000_genPermutationReversed_v1.in",Success,tournamentSort,4702208,27.8099,140000,555200,64
"Run,1<-/level3_n70000_genPermutationReversed_v1.in",Timeout,bubbleSort,0,0,0,0,
"Run,1<-/level3_n70000_genPermutationReversed_v1.in",Timeout,insertionSort,0,0,0,0,
"Run,1<-/level3_n70000_genPermutationReversed_v1.in",Timeout,librarySort,0,0,0,0,
"Run,1<-/level3_n70000_genPermutationReversed_v1.in",Timeout,cocktailShakerSort,0,0,0,0,
"Run,1<-/level3_n70000_genPermutationReversed_v1.in",Success,introSort,0,18.269,1012332,4223525,96
"Run,1<-/level3_n70000_genPermutationReversed_v1.in",Timeout,bubbleSort,0,0,0,0,
"Run,1<-/level3_n70000_genPermutationReversed_v1.in",Timeout,insertionSort,0,0,0,0,
"Run,1<-/level3_n70000_genPermutationReversed_v1.in",Timeout,librarySort,0,0,0,0,
"Run,1<-/level3_n70000_genPermutationReversed_v1.in",Timeout,cocktailShakerSort,0,0,0,0,
"Run,1<-/level4_n200000_genPermutationReversed_v1.in",Success,mergeSort,905216,51.8382,7075712,1807808,112
"Run,1<-/level4_n200000_genPermutationReversed_v1.in",Success,heapSort,0,44.8315,3195728,6256303,0
"Run,1<-/level4_n200000_genPermutationReversed_v1.in",Timeout,selectionSort,0,0,0,0,
"Run,1<-/level4_n200000_genPermutationReversed_v1.in",Success,quickSort,0,18.3003,333258,4686307,32
"Run,1<-/level4_n200000_genPermutationReversed_v1.in",Timeout,selectionSort,0,0,0,0,
"Run,1<-/level4_n200000_genPermutationReversed_v1.in",Success,dualQuickSort,0,31.8169,2097422,4311901,32
"Run,1<-/level4_n200000_genPermutationReversed_v1.in",Timeout,selectionSort,0,0,0,0,
"Run,1<-/level4_n200000_genPermutationReversed_v1.in",Success,timSort,905216,57.6228,7542400,3645120,112
"Run,1<-/level4_n200000_genPermutationReversed_v1.in",Timeout,selectionSort,0,0,0,0,
"Run,1<-/level4_n200000_genPermutationReversed_v1.in",Success,combSort,0,21.1116,513708,8133413,16
"Run,1<-/level4_n200000_genPermutationReversed_v1.in",Timeout,selectionSort,0,0,0,0,
"Run,1<-/level4_n200000_genPermutationReversed_v1.in",Success,tournamentSort,13651968,64.8008,400000,1730048,64
"Run,1<-/level4_n200000_genPermutationReversed_v1.in",Timeout,selectionSort,0,0,0,0,
"Run,1<-/level4_n200000_genPermutationReversed_v1.in",Success,introSort,0,59.301,3194128,13063868,96
"Run,1<-/level4_n200000_genPermutationReversed_v1.in",Timeout,selectionSort,0,0,0,0,
"Run,1<-/level5_n1000000_genPermutationReversed_v1.in",Success,mergeSort,4128768,284.805,39902848,10066432,112
"Run,1<-/level5_n1000000_genPermutationReversed_v1.in",Success,heapSort,0,248.697,18333408,36001436,0
"Run,1<-/level5_n1000000_genPermutationReversed_v1.in",Success,quickSort,0,92.7031,1667347,26128247,32
"Run,1<-/level5_n1000000_genPermutationReversed_v1.in",Success,dualQuickSort,0,155.201,11182692,24483804,32
"Run,1<-/level5_n1000000_genPermutationReversed_v1.in",Success,timSort,4128768,322.005,44762880,22272256,112
"Run,1<-/level5_n1000000_genPermutationReversed_v1.in",Success,combSort,0,119.752,2872826,46666765,16
"Run,1<-/level5_n1000000_genPermutationReversed_v1.in",Success,tournamentSort,68014080,381.1,2000000,9884992,64
"Run,1<-/level5_n1000000_genPermutationReversed_v1.in",Success,introSort,0,331.735,18340658,73979494,96
"Run,1<-/level1_n1000_genPermutationSorted_v1.in",Success,mergeSort,0,0.143,19952,4932,112
"Run,1<-/level1_n1000_genPermutationSorted_v1.in",Success,heapSort,0,0.1491,9708,17583,0
"Run,1<-/level1_n1000_genPermutationSorted_v1.in",Success,bubbleSort,0,0.0061,0,999,0
"Run,1<-/level1_n1000_genPermutationSorted_v1.in",Success,insertionSort,0,0.003,0,999,0
"Run,1<-/level1_n1000_genPermutationSorted_v1.in",Success,selectionSort,0,1.1321,0,499500,0
"Run,1<-/level1_n1000_genPermutationSorted_v1.in",Success,quickSort,0,0.0844,1169,11484,32
"Run,1<-/level1_n1000_genPermutationSorted_v1.in",Success,dualQuickSort,0,0.4655,5313,10490,32
"Run,1<-/level1_n1000_genPermutationSorted_v1.in",Success,librarySort,0,7.7201,328548,8968,96
"Run,1<-/level1_n1000_genPermutationSorted_v1.in",Success,timSort,0,0.2007,10000,3460,112
"Run,1<-/level1_n1000_genPermutationSorted_v1.in",Success,cocktailShakerSort,0,0.0035,0,999,0
"Run,1<-/level1_n1000_genPermutationSorted_v1.in",Success,combSort,0,0.0629,0,19706,16
"Run,1<-/level1_n1000_genPermutationSorted_v1.in",Success,tournamentSort,0,0.3573,2000,5044,64
"Run,1<-/level1_n1000_genPermutationSorted_v1.in",Success,introSort,0,0.5047,9518,35091,96
"Run,1<-/level2_n20000_genPermutationSorted_v1.in",Success,mergeSort,524288,4.6829,574464,139216,112
"Run,1<-/level2_n20000_genPermutationSorted_v1.in",Success,heapSort,0,4.1354,282878,529074,0
"Run,1<-/level2_n20000_genPermutationSorted_v1.in",Success,bubbleSort,0,0.0455,0,19999,0
"Run,1<-/level2_n20000_genPermutationSorted_v1.in",Success,insertionSort,0,0.0552,0,19999,0
"Run,1<-/level2_n20000_genPermutationSorted_v1.in",Success,selectionSort,0,519.323,0,199990000,0
"Run,1<-/level2_n20000_genPermutationSorted_v1.in",Success,quickSort,0,1.5478,23371,362795,32
"Run,1<-/level2_n20000_genPermutationSorted_v1.in",Success,dualQuickSort,0,2.3683,183372,341480,32
"Run,1<-/level2_n20000_genPermutationSorted_v1.in",Success,librarySort,630784,1282.15,102626708,267219,96
"Run,1<-/level2_n20000_genPermutationSorted_v1.in",Success,timSort,524288,2.7098,400000,118672,112
"Run,1<-/level2_n20000_genPermutationSorted_v1.in",Success,cocktailShakerSort,0,0.044,0,19999,0
"Run,1<-/level2_n20000_genPermutationSorted_v1.in",Success,combSort,0,1.9972,0,613402,16
"Run,1<-/level2_n20000_genPermutationSorted_v1.in",Success,tournamentSort,1650688,6.3645,40000,148016,64
"Run,1<-/level2_n20000_genPermutationSorted_v1.in",Success,introSort,0,11.9513,282436,1087884,96
"Run,1<-/level3_n70000_genPermutationSorted_v1.in",Success,mergeSort,778240,15.9723,2257856,555200,112
"Run,1<-/level3_n70000_genPermutationSorted_v1.in",Success,heapSort,0,15.2759,1114302,2099178,0
"Run,1<-/level3_n70000_genPermutationSorted_v1.in",Success,bubbleSort,0,0.1573,0,69999,0
"Run,1<-/level3_n70000_genPermutationSorted_v1.in",Success,insertionSort,0,0.2017,0,69999,0
"Run,1<-/level3_n70000_genPermutationSorted_v1.in",Success,selectionSort,0,5584.62,0,2449965000,0
"Run,1<-/level3_n70000_genPermutationSorted_v1.in",Success,quickSort,0,5.6855,81517,1470494,32
"Run,1<-/level3_n70000_genPermutationSorted_v1.in",Success,dualQuickSort,0,12.3768,631348,1356316,32
"Run,1<-/level3_n70000_genPermutationSorted_v1.in",Timeout,librarySort,0,0,0,0,
"Run,1<-/level3_n70000_genPermutationSorted_v1.in",Success,timSort,327680,11.3785,1680000,485200,112
"Run,1<-/level3_n70000_genPermutationSorted_v1.in",Timeout,librarySort,0,0,0,0,
"Run,1<-/level3_n70000_genPermutationSorted_v1.in",Success,cocktailShakerSort,0,0.1568,0,69999,0
"Run,1<-/level3_n70000_genPermutationSorted_v1.in",Timeout,librarySort,0,0,0,0,
"Run,1<-/level3_n70000_genPermutationSorted_v1.in",Success,combSort,0,11.5627,0,2496738,16
"Run,1<-/level3_n70000_genPermutationSorted_v1.in",Timeout,librarySort,0,0,0,0,
"Run,1<-/level3_n70000_genPermutationSorted_v1.in",Success,tournamentSort,4722688,32.3271,140000,573728,64
"Run,1<-/level3_n70000_genPermutationSorted_v1.in",Timeout,librarySort,0,0,0,0,
"Run,1<-/level3_n70000_genPermutationSorted_v1.in",Success,introSort,0,22.9809,1113742,4337644,96
"Run,1<-/level3_n70000_genPermutationSorted_v1.in",Timeout,librarySort,0,0,0,0,
"Run,1<-/level4_n200000_genPermutationSorted_v1.in",Success,mergeSort,905216,51.7952,7075712,1730048,112
"Run,1<-/level4_n200000_genPermutationSorted_v1.in",Success,heapSort,0,46.6293,3499160,6626912,0
"Run,1<-/level4_n200000_genPermutationSorted_v1.in",Success,bubbleSort,0,0.4774,0,199999,0
"Run,1<-/level4_n200000_genPermutationSorted_v1.in",Success,insertionSort,0,0.5995,0,199999,0
"Run,1<-/level4_n200000_genPermutationSorted_v1.in",Timeout,selectionSort,0,0,0,0,
"Run,1<-/level4_n200000_genPermutationSorted_v1.in",Success,quickSort,0,16.4232,233399,4426746,32
"Run,1<-/level4_n200000_genPermutationSorted_v1.in",Timeout,selectionSort,0,0,0,0,
"Run,1<-/level4_n200000_genPermutationSorted_v1.in",Success,dualQuickSort,0,26.6761,2043229,4346865,32
"Run,1<-/level4_n200000_genPermutationSorted_v1.in",Timeout,selectionSort,0,0,0,0,
"Run,1<-/level4_n200000_genPermutationSorted_v1.in",Success,timSort,905216,34.6606,5200000,1489088,112
"Run,1<-/level4_n200000_genPermutationSorted_v1.in",Timeout,selectionSort,0,0,0,0,
"Run,1<-/level4_n200000_genPermutationSorted_v1.in",Success,cocktailShakerSort,0,0.4733,0,199999,0
"Run,1<-/level4_n200000_genPermutationSorted_v1.in",Timeout,selectionSort,0,0,0,0,
"Run,1<-/level4_n200000_genPermutationSorted_v1.in",Success,combSort,0,16.8729,0,7933414,16
"Run,1<-/level4_n200000_genPermutationSorted_v1.in",Timeout,selectionSort,0,0,0,0,
"Run,1<-/level4_n200000_genPermutationSorted_v1.in",Success,tournamentSort,13647872,61.0503,400000,1807808,64
"Run,1<-/level4_n200000_genPermutationSorted_v1.in",Timeout,selectionSort,0,0,0,0,
"Run,1<-/level4_n200000_genPermutationSorted_v1.in",Success,introSort,0,57.7385,3498504,13425169,96
"Run,1<-/level4_n200000_genPermutationSorted_v1.in",Timeout,selectionSort,0,0,0,0,
"Run,1<-/level5_n1000000_genPermutationSorted_v1.in",Success,mergeSort,4063232,276.056,39902848,9884992,112
"Run,1<-/level5_n1000000_genPermutationSorted_v1.in",Success,heapSort,0,251.633,19787792,37692069,0
"Run,1<-/level5_n1000000_genPermutationSorted_v1.in",Success,bubbleSort,0,5.4398,0,999999,0
"Run,1<-/level5_n1000000_genPermutationSorted_v1.in",Success,insertionSort,0,2.7937,0,999999,0
"Run,1<-/level5_n1000000_genPermutationSorted_v1.in",Success,quickSort,0,103.383,1166680,26071715,32
"Run,1<-/level5_n1000000_genPermutationSorted_v1.in",Success,dualQuickSort,0,149.96,11540560,25484921,32
"Run,1<-/level5_n1000000_genPermutationSorted_v1.in",Success,timSort,4063232,202.056,30000000,8457856,112
"Run,1<-/level5_n1000000_genPermutationSorted_v1.in",Success,cocktailShakerSort,0,2.2304,0,999999,0
"Run,1<-/level5_n1000000_genPermutationSorted_v1.in",Success,combSort,0,105.777,0,45666766,16
"Run,1<-/level5_n1000000_genPermutationSorted_v1.in",Success,tournamentSort,67948544,337.897,2000000,10066432,64
"Run,1<-/level5_n1000000_genPermutationSorted_v1.in",Success,introSort,0,354.088,19788834,75690210,96
"Run,1<-/level1_n1000_genPermutation_v1.in",Success,mergeSort,0,0.2071,19952,8699,112
"Run,1<-/level1_n1000_genPermutation_v1.in",Success,heapSort,0,0.1643,9075,16844,0
"Run,1<-/level1_n1000_genPermutation_v1.in",Success,bubbleSort,0,3.9055,250291,954045,0
"Run,1<-/level1_n1000_genPermutation_v1.in",Success,insertionSort,0,2.499,250291,251286,0
"Run,1<-/level1_n1000_genPermutation_v1.in",Success,selectionSort,0,1.3137,995,499500,0
"Run,1<-/level1_n1000_genPermutation_v1.in",Success,quickSort,0,0.1571,2912,11867,32
"Run,1<-/level1_n1000_genPermutation_v1.in",Success,dualQuickSort,0,0.1675,5065,10291,32
"Run,1<-/level1_n1000_genPermutation_v1.in",Success,librarySort,0,0.5397,13506,8580,96
"Run,1<-/level1_n1000_genPermutation_v1.in",Success,timSort,0,0.2201,17511,13324,112
"Run,1<-/level1_n1000_genPermutation_v1.in",Success,cocktailShakerSort,0,8.2589,250291,520479,0
"Run,1<-/level1_n1000_genPermutation_v1.in",Success,combSort,0,0.333,4309,21704,16
"Run,1<-/level1_n1000_genPermutation_v1.in",Success,tournamentSort,0,1.2867,2000,8672,64
"Run,1<-/level1_n1000_genPermutation_v1.in",Success,introSort,0,0.1839,3593,12263,96
"Run,1<-/level2_n20000_genPermutation_v1.in",Success,mergeSort,606208,5.8661,574464,260996,112
"Run,1<-/level2_n20000_genPermutation_v1.in",Success,heapSort,0,7.4228,268533,510780,0
"Run,1<-/level2_n20000_genPermutation_v1.in",Success,bubbleSort,0,1996.48,99846703,397840107,0
"Run,1<-/level2_n20000_genPermutation_v1.in",Success,insertionSort,0,768.247,99846703,99866697,0
"Run,1<-/level2_n20000_genPermutation_v1.in",Success,selectionSort,0,446.958,19991,199990000,0
"Run,1<-/level2_n20000_genPermutation_v1.in",Success,quickSort,0,2.8653,77526,380650,32
"Run,1<-/level2_n20000_genPermutation_v1.in",Success,dualQuickSort,0,3.1658,176768,333940,32
"Run,1<-/level2_n20000_genPermutation_v1.in",Success,librarySort,712704,15.6451,1024928,258037,96
"Run,1<-/level2_n20000_genPermutation_v1.in",Success,timSort,606208,7.4041,492934,307283,112
"Run,1<-/level2_n20000_genPermutation_v1.in",Success,cocktailShakerSort,0,1351.64,99846703,198770061,0
"Run,1<-/level2_n20000_genPermutation_v1.in",Success,combSort,0,3.4457,137069,653400,16
"Run,1<-/level2_n20000_genPermutation_v1.in",Success,tournamentSort,1732608,12.1374,40000,260979,64
"Run,1<-/level2_n20000_genPermutation_v1.in",Success,introSort,0,2.3684,92621,355346,96
"Run,1<-/level3_n70000_genPermutation_v1.in",Success,mergeSort,802816,41.8628,2257856,1039143,112
"Run,1<-/level3_n70000_genPermutation_v1.in",Success,heapSort,0,20.992,1065090,2038530,0
"Run,1<-/level3_n70000_genPermutation_v1.in",Timeout,bubbleSort,0,0,0,0,
"Run,1<-/level3_n70000_genPermutation_v1.in",Timeout,insertionSort,0,0,0,0,
"Run,1<-/level3_n70000_genPermutation_v1.in",Success,selectionSort,0,5678.43,69986,2449965000,0
"Run,1<-/level3_n70000_genPermutation_v1.in",Timeout,bubbleSort,0,0,0,0,
"Run,1<-/level3_n70000_genPermutation_v1.in",Timeout,insertionSort,0,0,0,0,
"Run,1<-/level3_n70000_genPermutation_v1.in",Success,quickSort,0,10.6202,302164,1408638,32
"Run,1<-/level3_n70000_genPermutation_v1.in",Timeout,bubbleSort,0,0,0,0,
"Run,1<-/level3_n70000_genPermutation_v1.in",Timeout,insertionSort,0,0,0,0,
"Run,1<-/level3_n70000_genPermutation_v1.in",Success,dualQuickSort,0,12.0662,600444,1308038,32
"Run,1<-/level3_n70000_genPermutation_v1.in",Timeout,bubbleSort,0,0,0,0,
"Run,1<-/level3_n70000_genPermutation_v1.in",Timeout,insertionSort,0,0,0,0,
"Run,1<-/level3_n70000_genPermutation_v1.in",Success,librarySort,1142784,131.825,9853949,1029441,96
"Run,1<-/level3_n70000_genPermutation_v1.in",Timeout,bubbleSort,0,0,0,0,
"Run,1<-/level3_n70000_genPermutation_v1.in",Timeout,insertionSort,0,0,0,0,
"Run,1<-/level3_n70000_genPermutation_v1.in",Success,timSort,372736,19.5917,1961173,1169230,112
"Run,1<-/level3_n70000_genPermutation_v1.in",Timeout,bubbleSort,0,0,0,0,
"Run,1<-/level3_n70000_genPermutation_v1.in",Timeout,insertionSort,0,0,0,0,
"Run,1<-/level3_n70000_genPermutation_v1.in",Timeout,cocktailShakerSort,0,0,0,0,
"Run,1<-/level3_n70000_genPermutation_v1.in",Success,combSort,0,14.2236,555124,2776734,16
"Run,1<-/level3_n70000_genPermutation_v1.in",Timeout,bubbleSort,0,0,0,0,
"Run,1<-/level3_n70000_genPermutation_v1.in",Timeout,insertionSort,0,0,0,0,
"Run,1<-/level3_n70000_genPermutation_v1.in",Timeout,cocktailShakerSort,0,0,0,0,
"Run,1<-/level3_n70000_genPermutation_v1.in",Success,tournamentSort,4767744,50.7322,140000,1039168,64
"Run,1<-/level3_n70000_genPermutation_v1.in",Timeout,bubbleSort,0,0,0,0,
"Run,1<-/level3_n70000_genPermutation_v1.in",Timeout,insertionSort,0,0,0,0,
"Run,1<-/level3_n70000_genPermutation_v1.in",Timeout,cocktailShakerSort,0,0,0,0,
"Run,1<-/level3_n70000_genPermutation_v1.in",Success,introSort,0,8.8651,351658,1437622,96
"Run,1<-/level3_n70000_genPermutation_v1.in",Timeout,bubbleSort,0,0,0,0,
"Run,1<-/level3_n70000_genPermutation_v1.in",Timeout,insertionSort,0,0,0,0,
"Run,1<-/level3_n70000_genPermutation_v1.in",Timeout,cocktailShakerSort,0,0,0,0,
"Run,1<-/level4_n200000_genPermutation_v1.in",Success,mergeSort,839680,70.6034,7075712,3272653,112
"Run,1<-/level4_n200000_genPermutation_v1.in",Success,heapSort,0,70.7654,3349935,6439436,0
"Run,1<-/level4_n200000_genPermutation_v1.in",Timeout,selectionSort,0,0,0,0,
"Run,1<-/level4_n200000_genPermutation_v1.in",Success,quickSort,0,32.0377,927547,4655199,32
"Run,1<-/level4_n200000_genPermutation_v1.in",Timeout,selectionSort,0,0,0,0,
"Run,1<-/level4_n200000_genPermutation_v1.in",Success,dualQuickSort,0,38.2634,1910921,4211806,32
"Run,1<-/level4_n200000_genPermutation_v1.in",Timeout,selectionSort,0,0,0,0,
"Run,1<-/level4_n200000_genPermutation_v1.in",Success,librarySort,3244032,342.87,23717351,3245657,96
"Run,1<-/level4_n200000_genPermutation_v1.in",Timeout,selectionSort,0,0,0,0,
"Run,1<-/level4_n200000_genPermutation_v1.in",Success,timSort,839680,61.7125,6370536,3923137,112
"Run,1<-/level4_n200000_genPermutation_v1.in",Timeout,selectionSort,0,0,0,0,
"Run,1<-/level4_n200000_genPermutation_v1.in",Success,combSort,0,45.1636,1757529,8933409,16
"Run,1<-/level4_n200000_genPermutation_v1.in",Timeout,selectionSort,0,0,0,0,
"Run,1<-/level4_n200000_genPermutation_v1.in",Success,tournamentSort,13586432,182.235,400000,3272658,64
"Run,1<-/level4_n200000_genPermutation_v1.in",Timeout,selectionSort,0,0,0,0,
"Run,1<-/level4_n200000_genPermutation_v1.in",Success,introSort,0,27.5255,1079985,4427719,96
"Run,1<-/level4_n200000_genPermutation_v1.in",Timeout,selectionSort,0,0,0,0,
"Run,1<-/level5_n1000000_genPermutation_v1.in",Success,mergeSort,4063232,389.274,39902848,18674521,112
"Run,1<-/level5_n1000000_genPermutation_v1.in",Success,heapSort,0,355.872,19049660,36795058,0
"Run,1<-/level5_n1000000_genPermutation_v1.in",Success,quickSort,0,184.474,5194195,25897190,32
"Run,1<-/level5_n1000000_genPermutation_v1.in",Success,dualQuickSort,0,218.264,12292555,25421907,32
"Run,1<-/level5_n1000000_genPermutation_v1.in",Success,librarySort,16072704,4035.08,303273001,18548263,96
"Run,1<-/level5_n1000000_genPermutation_v1.in",Success,timSort,4063232,360.521,37377226,23182186,112
"Run,1<-/level5_n1000000_genPermutation_v1.in",Success,combSort,0,260.76,10051734,49666762,16
"Run,1<-/level5_n1000000_genPermutation_v1.in",Success,tournamentSort,67948544,1369.87,2000000,18673887,64
"Run,1<-/level5_n1000000_genPermutation_v1.in",Success,introSort,0,158.641,5944234,25241358,96
